<?xml version="1.0" encoding="UTF-8" ?>
<!DOCTYPE configuration PUBLIC "-//mybatis.org//DTD Config 3.0//EN"
	"http://mybatis.org/dtd/mybatis-3-config.dtd">
<configuration>

	<!-- 설정파일에서 사용할 프로퍼티의 파일의 경로 지정: classpath -->
	<properties resource="config/mybatis/db.properties"/>
	
	<!-- SQL의 결과를 담을 VO 객체들의 별칭을 설정하여 사용의 편의를 도모  -->
	<typeAliases>
		<typeAlias alias="friend" type="vo.FriendVO" />
		<typeAlias alias="diary" type="vo.DiaryVO" />
		<typeAlias alias="account" type="vo.AccountVO" />
		<typeAlias alias="aSearch" type="vo.AccountSearchVO" />
	</typeAliases>
	
	<environments default="development">
		<environment id="development">
			<transactionManager type="JDBC"/>
			<dataSource type="POOLED">
				<property name="driver" value="${driver}"/>
				<property name="url" value="${url}"/>
				<property name="username" value="${username}"/>
				<property name="password" value="${password}"/>
			</dataSource>
		</environment>
	</environments>

	<mappers>
		<mapper resource="config/sqlmap/oracle/diary.xml"/>
		<mapper resource="config/sqlmap/oracle/account.xml"/>
	</mappers>
	
</configuration>